<?xml version="1.0" encoding="UTF-8"?>

<mule xmlns:json="http://www.mulesoft.org/schema/mule/json"
	xmlns:db="http://www.mulesoft.org/schema/mule/db"
	xmlns="http://www.mulesoft.org/schema/mule/core" xmlns:doc="http://www.mulesoft.org/schema/mule/documentation"
	xmlns:spring="http://www.springframework.org/schema/beans" 
	xmlns:xsi="http://www.w3.org/2001/XMLSchema-instance"
	xsi:schemaLocation="http://www.mulesoft.org/schema/mule/json http://www.mulesoft.org/schema/mule/json/current/mule-json.xsd
http://www.mulesoft.org/schema/mule/db http://www.mulesoft.org/schema/mule/db/current/mule-db.xsd
http://www.springframework.org/schema/beans http://www.springframework.org/schema/beans/spring-beans-current.xsd
http://www.mulesoft.org/schema/mule/core http://www.mulesoft.org/schema/mule/core/current/mule.xsd">


        <flow name="get:/students:SrsApi-config">
        <logger message="#[flow.name] is called: About call database" level="INFO" doc:name="Logger"/>
        <db:select config-ref="MySQL_Configuration" doc:name="Database">
            <db:parameterized-query><![CDATA[select * from mule;]]></db:parameterized-query>
        </db:select>
        <json:object-to-json-transformer doc:name="Object to JSON"/>
        <logger message="End flow: #[payload]" level="INFO" doc:name="Logger"/>

    </flow>
    <flow name="get:/students/{studentId}:SrsApi-config">
        <logger message="#[flow.name] is called: About call database" level="INFO" doc:name="Logger"/>
        <db:select config-ref="MySQL_Configuration" doc:name="Database">
            <db:parameterized-query><![CDATA[select * from mule where id = #[flowVars.studentId]]]></db:parameterized-query>
        </db:select>
        <logger message="End of flow: #[payload]" level="INFO" doc:name="Logger"/>

    </flow>
    
        <flow name="post:/students:SrsApi-config">
        <logger message="#[flow.name] is called" level="INFO" doc:name="Logger"/>
        <json:json-to-object-transformer doc:name="JSON to Object" returnClass="java.lang.Object"/>
        <foreach doc:name="For Each">
            <db:insert config-ref="MySQL_Configuration" doc:name="Database">
                <db:parameterized-query><![CDATA[insert into mule values(#[payload.id],#[payload.firstName], #[payload.lastName]);]]></db:parameterized-query>
            </db:insert>
        </foreach>
        <flow-ref name="get:/students:SrsApi-config" doc:name="get:/students:SrsApi-config"/>
        <logger message="Post call is completed returned payload :: #[payload]" level="INFO" doc:name="Logger"/>
    </flow>

</mule>
